4,File unreadable or invalid gs://hackathon-deepfakes-vcm/original/575/fr_25_0.jpg
4,File unreadable or invalid gs://hackathon-deepfakes-vcm/original/575/fr_25_107.jpg
4,File unreadable or invalid gs://hackathon-deepfakes-vcm/original/575/fr_25_116.jpg
4,File unreadable or invalid gs://hackathon-deepfakes-vcm/original/575/fr_25_143.jpg
4,File unreadable or invalid gs://hackathon-deepfakes-vcm/original/575/fr_25_152.jpg
4,File unreadable or invalid gs://hackathon-deepfakes-vcm/original/575/fr_25_279.jpg
4,File unreadable or invalid gs://hackathon-deepfakes-vcm/original/575/fr_25_288.jpg
4,File unreadable or invalid gs://hackathon-deepfakes-vcm/original/575/fr_25_323.jpg
4,File unreadable or invalid gs://hackathon-deepfakes-vcm/original/575/fr_25_350.jpg
4,File unreadable or invalid gs://hackathon-deepfakes-vcm/original/575/fr_25_396.jpg
4,File unreadable or invalid gs://hackathon-deepfakes-vcm/original/575/fr_25_404.jpg
4,File unreadable or invalid gs://hackathon-deepfakes-vcm/original/575/fr_25_413.jpg
4,File unreadable or invalid gs://hackathon-deepfakes-vcm/original/575/fr_25_422.jpg
4,File unreadable or invalid gs://hackathon-deepfakes-vcm/original/575/fr_25_440.jpg
4,File unreadable or invalid gs://hackathon-deepfakes-vcm/original/575/fr_25_459.jpg
4,File unreadable or invalid gs://hackathon-deepfakes-vcm/original/575/fr_25_486.jpg
4,File unreadable or invalid gs://hackathon-deepfakes-vcm/original/575/fr_25_495.jpg
4,File unreadable or invalid gs://hackathon-deepfakes-vcm/original/575/fr_25_512.jpg
4,File unreadable or invalid gs://hackathon-deepfakes-vcm/original/575/fr_25_530.jpg
4,File unreadable or invalid gs://hackathon-deepfakes-vcm/original/575/fr_25_54.jpg
4,File unreadable or invalid gs://hackathon-deepfakes-vcm/original/575/fr_25_92.jpg
